system_id,migration_success,start_date,completion_time_days,cost_overrun_percent,personnel_hours,infrastructure_costs,training_costs,pre_migration_performance,post_migration_performance,performance_gain_percent,issues_encountered,downtime_hours,migration_type,cloud_provider
SYS_0001,True,2023-07-29,257,-4.46,2063,174386,86738,0.79,0.8,28.7,30,15,Lift-and-Shift,Private Cloud
SYS_0002,True,2024-08-01,169,22.48,4034,495927,26029,0.55,0.97,34.37,43,59,Lift-and-Shift,AWS
SYS_0003,False,2022-11-15,248,47.39,2692,121288,74504,0.74,0.84,10.83,22,34,Re-platforming,Azure
SYS_0004,False,2022-03-18,179,43.95,2294,271970,75551,0.55,0.86,21.24,21,43,Re-platforming,Private Cloud
SYS_0005,True,2024-03-28,183,25.93,4875,384237,21677,0.75,0.94,30.95,10,23,Re-platforming,AWS
SYS_0006,True,2022-03-17,153,-5.76,3018,492611,58994,0.7,0.91,28.61,24,28,Re-platforming,Google Cloud
SYS_0007,True,2024-02-22,197,40.24,3428,299060,27722,0.61,0.83,22.01,29,44,Re-platforming,AWS
SYS_0008,False,2024-10-24,207,34.55,4066,455196,68783,0.59,0.76,37.44,33,70,Lift-and-Shift,Google Cloud
SYS_0009,True,2023-08-10,246,6.06,1456,130836,46785,0.53,0.96,45.54,17,51,Re-factoring,Azure
SYS_0010,True,2022-11-22,48,19.84,4846,300146,56333,0.53,0.85,42.77,15,62,Re-platforming,Azure
SYS_0011,True,2022-03-07,319,7.76,1365,108676,63850,0.73,0.99,16.8,42,37,Re-platforming,Private Cloud
SYS_0012,True,2023-02-21,280,22.02,4625,418995,63209,0.73,0.85,45.37,24,39,Lift-and-Shift,Google Cloud
SYS_0013,True,2024-02-23,197,39.89,4320,112752,54958,0.56,0.82,40.91,36,27,Re-platforming,Azure
SYS_0014,True,2023-02-14,271,37.72,2126,455846,94447,0.53,0.93,30.47,18,5,Re-platforming,Azure
SYS_0015,True,2024-04-18,221,13.29,1484,439121,32415,0.65,0.88,41.26,8,22,Re-factoring,Azure
SYS_0016,True,2024-01-29,197,23.04,3308,210540,75345,0.57,0.89,24.97,9,31,Re-platforming,Google Cloud
SYS_0017,True,2024-01-05,190,-6.48,3440,256969,12810,0.51,0.78,15.67,22,69,Re-factoring,Azure
SYS_0018,False,2024-04-27,187,-5.81,4596,163065,73828,0.65,0.78,13.13,8,16,Re-factoring,Private Cloud
SYS_0019,True,2022-07-25,30,3.55,4904,435250,64641,0.76,0.83,14.11,46,4,Re-factoring,Private Cloud
SYS_0020,False,2023-03-24,355,33.43,1963,257672,40510,0.72,0.73,49.43,16,14,Re-platforming,AWS
SYS_0021,True,2023-04-24,45,17.84,1878,469051,30727,0.71,0.9,37.41,17,58,Re-platforming,Google Cloud
SYS_0022,False,2024-08-17,311,44.72,3196,242802,39368,0.65,0.79,20.42,11,46,Re-factoring,Private Cloud
SYS_0023,True,2024-06-06,72,8.51,3106,448063,94920,0.66,0.86,22.49,24,48,Re-platforming,Private Cloud
SYS_0024,True,2022-07-03,362,18.03,1861,483714,49640,0.73,0.83,28.23,19,32,Re-platforming,Private Cloud
SYS_0025,False,2023-06-27,123,9.42,4126,455552,35502,0.79,0.91,37.01,5,64,Re-factoring,Azure
SYS_0026,True,2022-07-02,262,38.51,3902,96880,89963,0.51,0.88,33.58,29,43,Re-platforming,Azure
SYS_0027,False,2022-04-09,83,-3.59,2189,326961,33078,0.63,0.84,11.69,38,24,Lift-and-Shift,AWS
SYS_0028,True,2023-02-11,273,48.59,4610,201214,74507,0.71,0.98,42.74,15,7,Re-factoring,Private Cloud
SYS_0029,False,2024-01-27,174,21.64,1917,315746,92224,0.57,0.88,24.0,22,23,Lift-and-Shift,Azure
SYS_0030,False,2023-03-28,94,6.02,2764,343428,88977,0.64,0.97,42.12,23,35,Re-factoring,Google Cloud
SYS_0031,True,2024-06-22,333,-0.25,2303,114106,89351,0.69,0.81,16.42,5,12,Re-platforming,Azure
SYS_0032,True,2023-11-22,312,27.79,1737,61067,53668,0.69,0.99,15.39,30,48,Re-platforming,Private Cloud
SYS_0033,True,2023-04-23,355,-5.64,1013,350361,80061,0.61,0.8,45.36,42,54,Re-platforming,Azure
SYS_0034,True,2023-10-17,265,11.95,2764,164794,96232,0.65,0.93,43.47,34,53,Re-factoring,Azure
SYS_0035,False,2022-04-27,34,30.55,2141,388680,33589,0.69,0.75,32.03,42,53,Lift-and-Shift,Private Cloud
SYS_0036,False,2022-02-07,72,-0.67,1754,324772,76425,0.74,0.72,42.61,10,37,Re-platforming,Azure
SYS_0037,True,2023-05-17,352,5.32,1704,205342,36895,0.67,0.86,39.33,40,69,Re-factoring,Google Cloud
SYS_0038,True,2022-04-02,333,8.7,4648,149293,90029,0.62,0.82,37.69,25,32,Lift-and-Shift,Azure
SYS_0039,False,2024-01-21,272,25.91,2675,411790,51880,0.77,0.75,49.6,19,52,Lift-and-Shift,Azure
SYS_0040,True,2022-10-19,310,42.96,2324,477079,87841,0.55,0.96,43.0,33,33,Re-platforming,Private Cloud
SYS_0041,False,2023-06-26,68,27.67,4720,196124,27308,0.73,0.8,11.76,17,6,Re-platforming,Private Cloud
SYS_0042,False,2022-05-31,194,8.17,1398,148446,72270,0.64,1.0,14.13,13,50,Re-platforming,Private Cloud
SYS_0043,False,2022-05-04,248,7.49,2982,435549,53136,0.51,0.91,32.32,32,52,Re-factoring,Azure
SYS_0044,False,2024-08-21,133,9.76,1086,341978,54172,0.67,0.87,16.56,12,30,Re-platforming,Azure
SYS_0045,False,2024-10-03,67,17.89,1941,486551,75550,0.61,0.82,39.8,29,20,Lift-and-Shift,Azure
SYS_0046,True,2024-06-14,342,-7.55,1817,148146,34944,0.6,0.79,19.87,37,42,Re-platforming,AWS
SYS_0047,False,2023-01-20,365,6.6,1507,232073,48420,0.54,0.9,38.28,24,63,Re-platforming,Private Cloud
SYS_0048,True,2024-08-25,154,30.12,4832,345605,70427,0.56,0.85,26.51,39,62,Lift-and-Shift,AWS
SYS_0049,False,2024-08-10,284,0.28,1761,80320,93343,0.8,0.94,31.68,20,49,Re-factoring,Azure
SYS_0050,True,2024-06-18,333,38.15,2532,137819,82522,0.58,1.0,45.59,12,41,Re-platforming,AWS
SYS_0051,False,2022-11-22,106,26.36,3880,459229,25034,0.73,0.72,26.14,23,11,Re-platforming,AWS
SYS_0052,True,2022-10-03,50,7.51,3413,196901,22895,0.72,0.96,44.21,23,23,Lift-and-Shift,AWS
SYS_0053,False,2022-02-02,57,-4.81,4092,163869,52523,0.52,0.99,24.08,16,51,Re-factoring,Google Cloud
SYS_0054,True,2024-03-30,63,9.66,3123,287097,99824,0.67,0.99,30.53,22,46,Lift-and-Shift,Azure
SYS_0055,True,2022-08-21,215,-0.75,1181,246635,33625,0.74,0.74,31.42,24,27,Re-factoring,Azure
SYS_0056,True,2022-09-07,87,34.43,2733,370090,56785,0.71,0.95,36.64,16,57,Re-factoring,AWS
SYS_0057,True,2023-03-01,122,36.95,1112,452830,75868,0.71,0.95,26.19,31,40,Lift-and-Shift,Private Cloud
SYS_0058,True,2022-02-24,185,37.24,4121,437500,49809,0.56,0.89,34.17,34,62,Lift-and-Shift,Google Cloud
SYS_0059,True,2024-09-26,360,-1.39,1102,139553,75925,0.67,0.85,41.48,39,32,Lift-and-Shift,Private Cloud
SYS_0060,True,2023-10-23,105,11.88,4838,497936,20385,0.57,0.92,38.24,34,23,Re-platforming,Google Cloud
SYS_0061,True,2023-05-07,238,36.11,3921,258681,54491,0.79,0.93,29.6,6,63,Re-factoring,Azure
SYS_0062,True,2023-11-10,341,-6.2,3869,439923,33017,0.59,0.8,33.15,16,42,Re-factoring,Private Cloud
SYS_0063,True,2024-11-05,191,-9.75,1577,243694,70244,0.51,0.93,12.22,25,63,Re-factoring,Private Cloud
SYS_0064,True,2022-01-03,233,20.03,2343,290257,62440,0.79,0.75,47.77,24,66,Lift-and-Shift,Azure
SYS_0065,True,2023-10-18,238,19.92,4929,65191,77329,0.74,0.73,42.2,7,65,Re-platforming,Azure
SYS_0066,False,2022-02-25,46,0.98,4850,181757,76090,0.79,0.73,36.67,33,60,Re-factoring,Azure
SYS_0067,True,2024-03-10,293,21.29,3435,409987,81407,0.62,0.95,33.19,39,53,Re-factoring,Azure
SYS_0068,False,2024-03-02,225,21.73,1814,445811,31029,0.74,0.78,48.72,30,68,Re-factoring,Azure
SYS_0069,True,2022-07-09,58,10.61,2718,328844,14842,0.68,0.72,13.99,14,65,Lift-and-Shift,Google Cloud
SYS_0070,True,2023-07-20,200,37.53,2378,369458,83536,0.65,0.97,47.65,33,13,Re-platforming,Google Cloud
SYS_0071,False,2022-01-22,280,44.81,3946,438333,99401,0.66,0.73,37.17,14,71,Lift-and-Shift,Azure
SYS_0072,True,2023-03-06,54,-0.21,2505,425771,99324,0.78,0.98,25.4,43,71,Re-factoring,AWS
SYS_0073,False,2023-12-15,61,48.56,4133,392877,67288,0.72,0.71,46.06,49,4,Lift-and-Shift,AWS
SYS_0074,True,2022-04-12,48,3.08,2495,218336,52589,0.53,0.98,22.62,24,21,Re-factoring,AWS
SYS_0075,False,2023-09-25,208,41.68,3783,390749,41222,0.77,0.8,30.61,19,66,Re-factoring,Azure
SYS_0076,True,2024-04-01,50,-4.62,4450,280253,34995,0.53,0.92,38.11,33,15,Lift-and-Shift,Private Cloud
SYS_0077,True,2022-04-02,140,18.31,1472,324128,79001,0.68,0.86,17.78,41,48,Re-factoring,AWS
SYS_0078,False,2022-01-13,327,42.03,4022,313006,77100,0.63,0.76,43.75,47,59,Lift-and-Shift,AWS
SYS_0079,True,2023-04-01,30,-3.9,1228,134388,13060,0.62,0.97,43.04,24,58,Lift-and-Shift,Azure
SYS_0080,True,2024-01-02,66,35.25,2284,278335,27440,0.55,0.99,12.29,14,28,Re-factoring,Azure
SYS_0081,True,2022-04-27,135,2.98,1204,83521,47383,0.65,0.94,20.45,35,58,Re-platforming,Private Cloud
SYS_0082,True,2023-08-08,156,43.05,2641,396273,71239,0.71,0.84,18.24,12,61,Lift-and-Shift,Private Cloud
SYS_0083,True,2022-11-17,112,15.22,4819,151492,89277,0.76,0.74,16.48,8,22,Re-platforming,Private Cloud
SYS_0084,True,2024-07-06,95,15.33,2792,178145,46512,0.58,0.83,20.11,15,57,Re-factoring,Private Cloud
SYS_0085,False,2023-04-12,304,37.93,3890,155980,59895,0.65,0.93,28.95,35,9,Lift-and-Shift,Private Cloud
SYS_0086,True,2023-12-14,42,41.73,4112,445568,93973,0.63,0.77,17.78,50,54,Re-platforming,Google Cloud
SYS_0087,False,2022-01-19,60,2.98,1896,351106,30224,0.69,0.97,27.28,41,26,Re-platforming,Private Cloud
SYS_0088,False,2023-11-08,156,23.19,4620,157290,81644,0.58,0.85,35.64,8,49,Lift-and-Shift,Azure
SYS_0089,True,2022-04-18,345,19.12,4266,141682,30809,0.69,0.85,32.15,13,36,Re-platforming,Azure
SYS_0090,True,2023-01-14,56,20.75,1603,79144,78485,0.55,0.73,28.64,14,9,Lift-and-Shift,Azure
SYS_0091,True,2022-01-06,274,1.14,4518,342869,21061,0.66,0.86,21.1,17,47,Re-platforming,Private Cloud
SYS_0092,True,2024-08-18,308,-3.98,4585,412572,44558,0.56,0.88,47.46,47,16,Re-factoring,AWS
SYS_0093,True,2022-04-17,239,9.98,1514,370068,56187,0.57,0.89,36.82,8,37,Re-platforming,Azure
SYS_0094,True,2022-07-27,298,48.74,4411,473005,91948,0.51,0.78,46.78,12,66,Lift-and-Shift,AWS
SYS_0095,True,2022-11-19,299,47.98,2458,495689,35365,0.52,0.86,16.83,6,10,Re-factoring,AWS
SYS_0096,True,2022-06-12,213,-1.1,2694,127076,61056,0.64,0.82,36.55,20,71,Re-factoring,Google Cloud
SYS_0097,True,2023-10-11,290,26.93,3139,418569,99015,0.7,0.78,11.12,7,9,Lift-and-Shift,Google Cloud
SYS_0098,True,2024-03-08,238,1.45,2558,305501,16423,0.57,0.81,32.66,22,26,Re-factoring,Azure
SYS_0099,True,2023-02-16,129,47.96,4279,181331,61900,0.56,0.95,22.49,10,9,Re-platforming,Google Cloud
SYS_0100,False,2024-01-14,35,24.86,1865,259689,14743,0.62,0.93,21.91,11,7,Re-platforming,AWS
SYS_0101,True,2023-10-09,252,8.96,1723,389983,31411,0.56,0.83,41.33,32,6,Lift-and-Shift,Azure
SYS_0102,True,2023-05-21,217,31.63,4696,353452,77328,0.67,0.81,31.89,28,31,Re-platforming,AWS
SYS_0103,True,2023-06-21,269,36.06,4658,336637,58680,0.74,0.82,32.1,40,22,Re-factoring,Azure
SYS_0104,True,2022-09-16,71,49.6,1036,349730,98784,0.56,0.89,29.25,49,51,Re-factoring,AWS
SYS_0105,True,2024-09-01,69,0.68,1378,306785,41713,0.58,0.78,36.63,49,56,Lift-and-Shift,AWS
SYS_0106,False,2024-07-14,236,49.55,2116,231927,22805,0.79,0.82,10.16,34,67,Re-platforming,Google Cloud
SYS_0107,True,2024-05-07,288,-2.09,3326,196219,43612,0.63,0.96,27.1,13,42,Re-factoring,Azure
SYS_0108,False,2024-08-17,290,2.13,1466,431593,13517,0.73,0.96,26.94,17,66,Re-factoring,AWS
SYS_0109,True,2024-01-25,40,26.21,1508,80642,79570,0.69,0.8,11.11,40,72,Re-factoring,AWS
SYS_0110,True,2022-01-21,163,46.61,1863,404791,23249,0.51,0.77,23.39,20,9,Re-platforming,Azure
SYS_0111,False,2022-01-01,103,8.55,4572,446140,92624,0.75,0.84,18.54,50,67,Re-factoring,AWS
SYS_0112,False,2024-09-16,296,6.5,1080,253220,23168,0.79,0.75,13.4,26,66,Re-platforming,Azure
SYS_0113,True,2024-02-09,162,4.5,4538,253993,49818,0.59,0.75,22.8,30,25,Re-factoring,Google Cloud
SYS_0114,False,2023-01-08,100,40.19,4749,274948,57427,0.57,0.71,46.4,23,44,Re-factoring,AWS
SYS_0115,True,2023-03-21,116,41.96,4159,293522,94704,0.76,0.96,23.57,5,5,Re-factoring,Azure
SYS_0116,True,2024-01-10,196,22.96,3169,325555,79978,0.55,0.78,19.98,12,56,Re-factoring,Azure
SYS_0117,True,2023-05-12,161,42.41,3352,387208,67235,0.6,0.86,14.6,38,38,Lift-and-Shift,AWS
SYS_0118,True,2024-10-21,168,23.79,1066,280327,67274,0.7,0.76,31.45,31,26,Lift-and-Shift,AWS
SYS_0119,True,2023-09-05,329,22.49,4110,363409,13603,0.72,0.99,30.67,42,28,Re-platforming,Azure
SYS_0120,True,2023-07-14,333,48.01,3021,461948,99912,0.62,0.75,11.82,39,8,Re-platforming,Google Cloud
SYS_0121,True,2022-05-12,248,44.86,4802,68545,46572,0.69,0.73,40.73,41,49,Lift-and-Shift,AWS
SYS_0122,True,2022-11-11,144,3.66,2762,328687,27872,0.74,0.83,43.9,42,30,Re-platforming,Azure
SYS_0123,True,2023-02-18,364,-2.09,2776,175843,64342,0.53,0.83,30.76,18,65,Re-factoring,AWS
SYS_0124,True,2023-01-09,50,32.15,2520,239591,65895,0.63,0.88,44.69,48,9,Re-factoring,Azure
SYS_0125,True,2023-08-25,221,44.09,3750,186155,59817,0.72,0.7,32.2,7,49,Lift-and-Shift,Google Cloud
SYS_0126,True,2023-06-09,35,-5.57,2879,287719,98491,0.71,0.98,34.67,18,31,Re-platforming,Google Cloud
SYS_0127,False,2022-07-18,263,-2.74,4896,408956,37781,0.54,0.95,16.09,46,66,Re-platforming,Google Cloud
SYS_0128,False,2023-09-27,114,14.67,1342,432670,87204,0.76,0.93,42.18,25,38,Lift-and-Shift,Google Cloud
SYS_0129,True,2024-06-06,142,-4.86,2859,360920,96828,0.62,0.82,43.68,7,55,Lift-and-Shift,Azure
SYS_0130,False,2022-01-24,268,11.55,4838,365917,55102,0.79,0.85,25.67,19,28,Lift-and-Shift,Azure
SYS_0131,True,2023-02-15,234,38.42,3853,455015,27303,0.6,0.97,11.99,34,24,Lift-and-Shift,Private Cloud
SYS_0132,True,2024-07-28,315,27.95,1136,118748,20984,0.8,0.84,17.95,28,59,Re-platforming,Google Cloud
SYS_0133,True,2021-12-17,146,1.86,3332,380712,15769,0.56,0.75,37.74,26,40,Re-factoring,Private Cloud
SYS_0134,False,2022-12-12,351,39.79,3214,447273,34502,0.79,0.74,30.11,22,33,Re-factoring,Azure
SYS_0135,True,2024-06-04,132,47.08,2730,63042,76045,0.77,0.84,48.14,39,68,Lift-and-Shift,Google Cloud
SYS_0136,True,2023-04-07,168,25.28,3636,263483,61055,0.56,0.88,46.41,32,55,Re-factoring,Azure
SYS_0137,True,2022-06-02,313,11.39,3035,233567,75489,0.68,0.86,37.47,42,64,Re-factoring,AWS
SYS_0138,True,2022-11-14,307,43.08,3550,221303,90985,0.64,0.81,22.68,48,62,Re-factoring,Private Cloud
SYS_0139,True,2023-05-12,31,42.23,1710,378601,68616,0.6,0.74,26.19,37,28,Re-platforming,Azure
SYS_0140,False,2023-02-20,103,10.98,2016,286374,48329,0.62,0.72,14.12,46,55,Lift-and-Shift,AWS
SYS_0141,True,2024-01-27,123,-4.03,3266,464949,72022,0.72,0.99,39.26,44,34,Lift-and-Shift,Private Cloud
SYS_0142,False,2024-02-19,211,13.77,4723,392793,48622,0.7,0.99,23.55,47,14,Re-factoring,Azure
SYS_0143,False,2023-09-25,63,41.68,2635,245254,62894,0.55,0.82,23.48,43,35,Re-factoring,AWS
SYS_0144,False,2023-04-23,69,32.03,2984,106441,36670,0.6,0.74,29.64,42,55,Lift-and-Shift,Google Cloud
SYS_0145,False,2024-10-15,132,15.0,4510,315597,16694,0.57,0.96,18.21,17,12,Re-platforming,AWS
SYS_0146,True,2022-08-05,102,35.24,4573,260258,58402,0.52,0.93,29.07,9,70,Re-factoring,Google Cloud
SYS_0147,True,2024-09-22,80,4.16,2168,215292,73021,0.61,0.77,45.29,13,36,Lift-and-Shift,AWS
SYS_0148,True,2023-10-22,71,-3.03,2687,412031,98777,0.55,0.88,48.22,21,27,Re-factoring,Google Cloud
SYS_0149,True,2023-10-08,78,2.21,4312,232333,70233,0.63,0.98,21.03,30,58,Re-platforming,Azure
SYS_0150,True,2024-05-08,44,1.68,1982,83216,16375,0.56,0.84,18.94,27,69,Re-platforming,Azure
SYS_0151,False,2024-06-27,122,37.23,1622,282909,30418,0.63,0.75,26.85,30,32,Lift-and-Shift,Private Cloud
SYS_0152,True,2022-01-02,226,-5.85,2639,258832,70786,0.71,0.83,34.81,8,19,Re-factoring,Private Cloud
SYS_0153,True,2023-03-24,277,-1.41,3012,100731,73276,0.6,0.93,25.0,36,51,Re-factoring,Google Cloud
SYS_0154,True,2022-12-28,213,32.2,1160,201347,83421,0.67,0.73,37.32,43,16,Re-factoring,AWS
SYS_0155,True,2024-09-13,262,38.13,3368,214677,42748,0.64,0.97,44.19,47,29,Re-factoring,AWS
SYS_0156,False,2023-09-14,347,1.87,1794,425354,32925,0.6,0.86,48.76,6,69,Re-platforming,AWS
SYS_0157,False,2024-06-15,250,41.32,3291,202014,28539,0.65,0.95,42.76,22,35,Re-factoring,AWS
SYS_0158,True,2023-01-12,265,-3.18,3628,278005,13539,0.8,0.7,15.03,22,6,Re-factoring,Google Cloud
SYS_0159,True,2024-03-03,324,30.44,2704,414968,10968,0.53,0.89,49.42,31,61,Re-factoring,AWS
SYS_0160,True,2022-01-23,188,39.46,2908,276625,38352,0.55,0.9,47.23,10,41,Re-platforming,AWS
SYS_0161,False,2024-04-13,92,36.03,2386,351660,53293,0.75,0.77,29.85,34,14,Re-platforming,AWS
SYS_0162,False,2024-04-21,101,28.11,3619,306341,65890,0.7,0.72,42.35,34,51,Re-platforming,Google Cloud
SYS_0163,True,2024-08-13,326,2.98,3359,495023,41812,0.63,0.98,23.4,21,48,Re-factoring,Private Cloud
SYS_0164,False,2022-07-08,105,-4.0,4290,325226,20657,0.52,0.77,10.93,41,65,Lift-and-Shift,Google Cloud
SYS_0165,True,2024-03-18,286,5.74,4408,287635,11955,0.72,0.97,39.33,34,38,Re-factoring,Azure
SYS_0166,True,2022-09-25,100,17.17,2755,447117,41732,0.77,0.81,31.38,42,32,Re-factoring,Private Cloud
SYS_0167,False,2023-12-09,300,39.38,3316,466104,15327,0.78,0.9,46.13,11,41,Lift-and-Shift,Private Cloud
SYS_0168,True,2024-09-18,122,23.84,4863,383461,76131,0.77,0.8,18.59,8,17,Re-platforming,Private Cloud
SYS_0169,False,2023-01-16,109,18.25,3799,305486,21628,0.74,0.94,19.46,13,69,Re-factoring,AWS
SYS_0170,True,2024-05-29,104,16.63,4630,121818,46903,0.6,0.86,39.81,47,69,Re-factoring,AWS
SYS_0171,False,2022-01-30,82,38.32,1003,223472,64322,0.76,0.72,21.61,49,14,Lift-and-Shift,Azure
SYS_0172,False,2022-11-06,137,15.21,1402,304987,24402,0.55,0.78,19.26,22,24,Re-factoring,Google Cloud
SYS_0173,False,2023-11-07,94,-6.74,4744,306096,32468,0.62,0.74,24.4,15,59,Lift-and-Shift,Azure
SYS_0174,True,2024-05-26,97,34.13,3665,120821,63261,0.76,0.72,24.42,47,26,Lift-and-Shift,AWS
SYS_0175,False,2022-09-20,315,16.28,2255,93130,50509,0.8,0.83,22.51,42,8,Re-factoring,Azure
SYS_0176,True,2023-04-04,300,6.12,2772,52158,81346,0.52,0.8,29.29,20,46,Re-factoring,AWS
SYS_0177,True,2024-07-25,325,47.9,1712,490736,75999,0.73,0.97,37.31,16,34,Re-platforming,Private Cloud
SYS_0178,True,2022-03-03,364,38.31,1721,81961,64759,0.65,0.92,22.95,21,67,Re-platforming,Google Cloud
SYS_0179,True,2022-01-03,232,39.75,1024,117232,24269,0.6,0.91,48.21,31,57,Re-factoring,Private Cloud
SYS_0180,True,2022-06-22,43,17.8,3998,229197,46232,0.74,0.72,40.33,25,59,Re-platforming,Private Cloud
SYS_0181,True,2022-09-20,99,9.1,3531,119567,45023,0.56,0.78,19.03,15,47,Re-platforming,Azure
SYS_0182,True,2022-02-22,268,37.18,1219,56255,86092,0.51,0.78,19.25,28,5,Re-factoring,Private Cloud
SYS_0183,True,2024-02-25,239,36.81,3378,284289,21309,0.65,0.99,32.19,10,41,Re-factoring,Azure
SYS_0184,True,2024-10-09,51,-1.6,4345,327942,62954,0.56,0.96,36.19,25,16,Lift-and-Shift,AWS
SYS_0185,True,2023-05-06,272,26.06,1097,302447,44082,0.63,0.71,15.75,48,32,Lift-and-Shift,AWS
SYS_0186,True,2023-03-19,232,-1.06,1351,415864,51928,0.71,0.98,28.96,36,64,Re-factoring,Azure
SYS_0187,False,2023-08-03,60,33.43,3843,348583,76180,0.66,0.85,38.53,22,45,Re-factoring,Azure
SYS_0188,True,2022-07-28,209,-7.93,2804,381239,32129,0.51,0.84,31.0,24,54,Lift-and-Shift,Private Cloud
SYS_0189,True,2024-04-02,303,5.81,4112,403104,74374,0.7,0.99,28.74,47,26,Lift-and-Shift,Private Cloud
SYS_0190,False,2024-10-28,126,1.09,3098,446204,63216,0.51,0.7,19.44,19,38,Re-platforming,Google Cloud
SYS_0191,True,2023-07-24,360,41.6,4133,221309,22339,0.75,0.81,47.27,36,47,Re-platforming,Azure
SYS_0192,True,2024-01-13,138,37.18,3286,236276,41993,0.63,0.93,18.41,9,31,Re-platforming,Google Cloud
SYS_0193,True,2024-06-03,35,-2.54,3856,243836,10593,0.69,0.87,27.21,10,67,Lift-and-Shift,Private Cloud
SYS_0194,False,2022-05-12,171,16.31,4158,468809,77800,0.61,0.87,10.09,29,30,Lift-and-Shift,Google Cloud
SYS_0195,False,2022-05-13,301,-6.91,3603,274095,37835,0.59,0.76,39.84,40,26,Re-platforming,Azure
SYS_0196,True,2023-04-26,95,15.39,2852,96786,37223,0.74,0.92,16.74,8,61,Re-platforming,Google Cloud
SYS_0197,True,2024-03-16,84,19.16,2380,92247,17724,0.63,0.94,34.4,41,40,Lift-and-Shift,Azure
SYS_0198,True,2023-11-06,336,41.31,1943,261671,88201,0.6,0.71,20.1,35,17,Lift-and-Shift,AWS
SYS_0199,True,2023-04-27,306,29.61,4774,61664,82772,0.69,0.72,21.84,47,58,Re-factoring,Private Cloud
SYS_0200,False,2024-08-13,127,39.19,4868,246643,82600,0.63,0.8,44.89,9,69,Lift-and-Shift,Azure
SYS_0201,False,2023-11-08,104,4.6,3080,73065,97778,0.56,0.77,23.47,36,61,Lift-and-Shift,Private Cloud
SYS_0202,True,2023-02-01,86,10.65,3398,285038,49606,0.78,0.89,11.1,9,29,Re-factoring,AWS
SYS_0203,False,2023-06-10,359,-6.83,3375,282660,50129,0.75,0.73,19.85,48,70,Re-factoring,Google Cloud
SYS_0204,True,2024-04-30,242,47.13,4740,173927,17998,0.59,0.89,34.58,32,68,Re-platforming,Google Cloud
SYS_0205,True,2024-05-21,75,32.48,2060,166806,38876,0.66,0.96,29.26,18,37,Re-platforming,Google Cloud
SYS_0206,False,2022-08-18,55,20.14,2483,150658,55197,0.52,0.98,34.23,22,22,Re-platforming,Google Cloud
SYS_0207,True,2022-01-01,245,-3.42,2158,314950,32596,0.61,0.88,14.14,20,22,Lift-and-Shift,Google Cloud
SYS_0208,True,2023-12-03,120,-0.57,4789,324857,87845,0.64,0.82,39.86,42,34,Lift-and-Shift,Google Cloud
SYS_0209,True,2022-09-12,159,28.78,3979,276057,99842,0.51,0.73,43.01,19,58,Re-factoring,Private Cloud
SYS_0210,True,2024-05-09,88,6.78,2366,250266,55157,0.73,0.86,26.67,46,29,Lift-and-Shift,Google Cloud
SYS_0211,False,2024-03-13,267,48.03,3947,148013,62683,0.75,0.86,37.0,38,21,Re-platforming,AWS
SYS_0212,True,2024-04-12,217,46.33,2376,150562,24992,0.61,0.79,39.15,38,5,Lift-and-Shift,Google Cloud
SYS_0213,True,2024-06-09,172,26.21,3573,121322,13974,0.51,0.94,46.74,30,35,Re-platforming,AWS
SYS_0214,True,2024-02-07,109,11.74,2771,225347,61479,0.69,0.83,15.38,44,9,Lift-and-Shift,Azure
SYS_0215,True,2024-02-17,173,5.23,3605,227937,52432,0.52,0.94,15.46,22,61,Re-platforming,AWS
SYS_0216,False,2023-12-01,293,45.14,4976,435766,62587,0.54,0.83,15.62,40,53,Re-factoring,Private Cloud
SYS_0217,True,2024-03-22,325,-7.3,2358,404344,93919,0.76,0.89,39.8,38,18,Re-platforming,Azure
SYS_0218,True,2023-10-05,195,43.68,1819,55639,17093,0.64,0.79,47.91,46,44,Re-platforming,Google Cloud
SYS_0219,True,2022-07-23,30,19.01,1914,286709,90524,0.73,0.88,20.79,48,33,Lift-and-Shift,Azure
SYS_0220,False,2024-06-28,104,11.21,1456,423368,99247,0.61,0.73,36.37,45,43,Re-platforming,Private Cloud
SYS_0221,True,2022-08-01,314,33.94,4034,301369,71059,0.58,0.9,32.16,5,6,Lift-and-Shift,Azure
SYS_0222,True,2022-12-25,124,38.5,1278,233213,52351,0.79,0.85,44.44,34,52,Re-factoring,AWS
SYS_0223,False,2022-07-09,324,-0.07,2675,487906,48651,0.59,0.91,36.76,9,52,Re-platforming,Google Cloud
SYS_0224,True,2024-02-14,103,41.43,4004,421095,18910,0.71,0.96,19.89,13,19,Re-factoring,AWS
SYS_0225,True,2022-12-08,151,42.97,2370,86950,56625,0.68,0.78,33.53,19,8,Lift-and-Shift,Google Cloud
SYS_0226,True,2023-04-29,56,39.47,2967,242050,54896,0.63,0.82,26.08,20,15,Re-platforming,AWS
SYS_0227,True,2023-03-11,221,41.15,1455,198671,35541,0.55,0.75,23.5,5,46,Re-platforming,Azure
SYS_0228,True,2022-06-30,365,48.86,3251,161583,36043,0.75,0.93,25.04,19,62,Re-platforming,Private Cloud
SYS_0229,True,2022-07-24,264,2.41,4214,226836,84790,0.7,0.72,37.5,43,58,Lift-and-Shift,Google Cloud
SYS_0230,True,2024-05-07,246,18.43,2356,198105,98634,0.57,0.71,48.23,46,8,Re-platforming,Private Cloud
SYS_0231,True,2023-01-26,305,-7.98,4412,277439,41050,0.75,0.79,37.52,27,11,Lift-and-Shift,Google Cloud
SYS_0232,True,2022-05-31,152,-8.8,1257,304972,82864,0.5,0.81,27.8,22,30,Re-factoring,Google Cloud
SYS_0233,False,2022-09-20,297,0.94,2839,81727,73621,0.56,0.91,10.1,32,27,Re-factoring,Azure
SYS_0234,False,2022-11-14,33,-4.83,2581,224524,21328,0.64,0.88,49.16,32,31,Re-factoring,Google Cloud
SYS_0235,True,2023-05-18,319,23.18,1842,274383,87222,0.8,0.86,37.79,27,47,Re-factoring,Google Cloud
SYS_0236,True,2024-06-29,63,18.81,4770,110839,95203,0.63,0.71,21.83,22,14,Lift-and-Shift,AWS
SYS_0237,False,2024-02-11,256,-0.45,4047,223155,31784,0.67,0.81,40.11,14,55,Re-platforming,AWS
SYS_0238,True,2023-08-10,138,-2.28,1868,363134,94065,0.79,0.74,16.84,46,10,Re-factoring,Azure
SYS_0239,True,2023-06-03,54,37.62,3967,152321,43825,0.76,0.99,49.14,49,8,Re-factoring,Google Cloud
SYS_0240,True,2024-01-31,156,4.19,4854,450697,66921,0.59,0.71,16.82,38,54,Re-platforming,Azure
SYS_0241,True,2024-08-10,131,6.65,4215,467914,74021,0.69,0.88,46.3,30,7,Lift-and-Shift,Private Cloud
SYS_0242,True,2022-04-10,199,47.07,3755,100348,44949,0.6,0.81,25.35,37,67,Re-platforming,AWS
SYS_0243,False,2024-06-02,69,-9.0,2960,393811,33295,0.53,0.91,12.36,16,49,Lift-and-Shift,Private Cloud
SYS_0244,False,2022-11-28,93,47.05,4400,495660,64849,0.64,0.94,11.09,26,68,Lift-and-Shift,Google Cloud
SYS_0245,False,2024-08-27,181,-7.78,4584,196902,58504,0.61,0.91,21.57,48,65,Re-factoring,Google Cloud
SYS_0246,False,2024-07-30,235,10.79,1509,149250,45646,0.75,0.85,33.37,47,62,Re-factoring,Google Cloud
SYS_0247,False,2022-09-10,209,45.28,2746,481951,61063,0.75,0.84,32.28,23,41,Lift-and-Shift,AWS
SYS_0248,True,2023-03-20,285,42.13,4741,324859,68092,0.57,0.78,33.39,15,69,Re-platforming,AWS
SYS_0249,True,2022-10-02,101,38.88,3405,462815,55058,0.58,0.91,19.27,32,18,Lift-and-Shift,Private Cloud
SYS_0250,False,2024-05-19,220,47.51,3048,69420,88002,0.6,0.74,25.07,40,59,Re-factoring,AWS
SYS_0251,True,2023-08-07,353,4.07,4492,196667,66534,0.64,0.97,25.86,34,48,Re-factoring,AWS
SYS_0252,True,2022-12-06,101,1.34,1981,454925,18027,0.74,0.93,36.42,40,36,Re-factoring,Private Cloud
SYS_0253,True,2023-12-11,81,25.03,1923,78787,71072,0.67,0.88,48.97,42,58,Re-factoring,Google Cloud
SYS_0254,False,2023-10-10,52,21.28,2893,82954,99666,0.68,0.89,31.95,18,59,Re-factoring,Private Cloud
SYS_0255,True,2024-03-12,120,12.86,2702,430304,70138,0.58,0.7,13.74,28,29,Re-factoring,AWS
SYS_0256,True,2023-08-21,51,43.11,1452,150091,49883,0.59,0.93,19.04,27,5,Re-platforming,AWS
SYS_0257,True,2024-01-19,56,44.81,1498,421473,20547,0.71,0.78,17.8,10,59,Re-platforming,Private Cloud
SYS_0258,True,2023-07-16,251,43.94,4346,132194,88139,0.72,0.96,48.46,7,43,Re-factoring,Private Cloud
SYS_0259,True,2024-06-24,90,-3.0,3206,350584,76560,0.59,0.78,35.87,8,47,Lift-and-Shift,Azure
SYS_0260,True,2022-07-07,148,-7.21,3729,257801,22645,0.71,0.97,21.56,38,65,Re-platforming,AWS
SYS_0261,True,2023-09-04,220,9.69,4622,176448,77715,0.56,0.7,25.51,23,56,Re-platforming,Private Cloud
SYS_0262,True,2023-04-14,112,21.14,2082,225310,15456,0.52,0.84,42.6,24,10,Lift-and-Shift,Azure
SYS_0263,True,2023-10-22,157,40.18,1148,458838,13086,0.75,0.7,35.89,44,40,Re-factoring,AWS
SYS_0264,True,2024-08-08,94,15.64,4251,157512,47110,0.71,0.82,16.97,34,35,Re-factoring,Azure
SYS_0265,True,2022-06-25,233,2.72,2057,149341,28358,0.62,0.74,25.78,24,51,Re-platforming,Google Cloud
SYS_0266,True,2022-12-17,248,46.35,1242,456861,37061,0.68,0.89,27.56,16,62,Re-factoring,Google Cloud
SYS_0267,True,2022-11-14,195,24.16,2373,291481,40448,0.73,0.75,33.26,13,32,Lift-and-Shift,AWS
SYS_0268,True,2023-07-28,303,20.73,2612,359689,39574,0.71,0.89,36.65,18,66,Re-platforming,Azure
SYS_0269,True,2022-11-14,287,-6.42,3319,173958,70197,0.68,0.82,18.49,27,39,Lift-and-Shift,Azure
SYS_0270,True,2022-03-14,30,10.62,1985,396707,82930,0.61,0.72,11.84,35,59,Lift-and-Shift,Private Cloud
SYS_0271,True,2022-12-11,151,34.06,1438,179713,37508,0.63,0.93,21.42,5,13,Re-factoring,Google Cloud
SYS_0272,True,2022-09-05,249,32.5,4944,96892,35433,0.8,0.8,31.0,37,40,Re-factoring,AWS
SYS_0273,False,2024-01-14,233,35.98,1527,269874,47165,0.73,0.8,27.81,29,63,Re-platforming,Azure
SYS_0274,True,2022-10-02,196,27.57,1778,243708,86487,0.61,0.93,40.51,38,10,Re-factoring,Private Cloud
SYS_0275,True,2023-03-01,130,46.32,4035,123771,23601,0.53,0.91,10.24,12,19,Re-platforming,Google Cloud
SYS_0276,False,2024-05-13,309,39.16,3077,331371,68991,0.78,0.87,22.08,8,14,Re-factoring,Google Cloud
SYS_0277,False,2024-02-11,117,33.41,1052,60987,86673,0.5,0.85,41.11,6,49,Re-factoring,Azure
SYS_0278,True,2022-06-12,319,47.44,3095,361964,65838,0.6,0.81,19.66,18,58,Re-factoring,Azure
SYS_0279,True,2022-02-13,188,15.09,4163,155623,88750,0.56,0.9,31.44,24,56,Re-factoring,AWS
SYS_0280,False,2022-06-23,41,-2.8,2734,385011,42126,0.57,0.8,28.96,26,43,Re-platforming,Azure
SYS_0281,True,2024-03-22,351,34.48,2599,433978,71046,0.74,0.85,40.26,23,37,Lift-and-Shift,Private Cloud
SYS_0282,True,2022-12-26,71,39.86,3546,380371,21204,0.68,0.79,18.88,48,26,Re-factoring,AWS
SYS_0283,True,2023-04-24,240,2.83,4464,139846,67295,0.62,0.99,13.73,5,8,Re-platforming,AWS
SYS_0284,False,2022-09-02,205,14.67,3634,187132,21738,0.54,0.87,11.71,27,33,Re-platforming,Private Cloud
SYS_0285,True,2024-05-19,202,0.6,4816,237523,15368,0.63,0.76,26.44,40,66,Lift-and-Shift,Google Cloud
SYS_0286,True,2022-09-08,354,3.93,2339,169884,64118,0.56,0.88,42.86,6,47,Re-platforming,AWS
SYS_0287,True,2022-08-10,75,48.8,1682,66447,11877,0.6,0.85,47.79,39,65,Re-factoring,AWS
SYS_0288,True,2022-01-10,77,22.43,1410,385234,71598,0.78,0.73,24.75,28,24,Re-platforming,Private Cloud
SYS_0289,False,2022-12-06,159,-3.08,2374,151171,67374,0.61,0.72,29.87,50,63,Re-platforming,AWS
SYS_0290,False,2024-05-17,322,9.45,1833,222591,44164,0.75,0.77,46.47,19,30,Re-factoring,AWS
SYS_0291,False,2024-02-01,37,42.65,2843,272189,20042,0.71,0.82,31.34,12,15,Re-platforming,Google Cloud
SYS_0292,True,2022-01-17,299,18.63,1360,128426,52125,0.79,0.8,18.56,11,30,Re-factoring,Google Cloud
SYS_0293,True,2023-06-09,210,32.16,2577,106523,41655,0.57,0.81,17.76,14,72,Re-factoring,Google Cloud
SYS_0294,True,2023-04-25,43,23.63,1252,424720,67539,0.56,0.98,40.42,43,6,Lift-and-Shift,Azure
SYS_0295,True,2024-01-13,357,5.28,3815,460668,61161,0.74,0.89,36.97,28,42,Lift-and-Shift,AWS
SYS_0296,True,2024-10-12,299,7.18,3786,189762,57476,0.76,0.82,18.39,37,66,Re-factoring,Google Cloud
SYS_0297,True,2024-05-17,95,36.23,4282,129357,10469,0.56,0.92,24.21,38,17,Re-factoring,AWS
SYS_0298,True,2023-12-05,256,42.28,2203,323306,75689,0.79,0.72,43.5,47,59,Lift-and-Shift,Google Cloud
SYS_0299,True,2022-12-11,117,23.56,4325,244605,76799,0.52,0.93,34.87,31,33,Re-factoring,Private Cloud
SYS_0300,True,2022-10-24,356,12.35,1239,218193,74441,0.77,0.94,41.55,34,51,Re-factoring,Azure
SYS_0301,True,2021-12-16,223,36.94,4017,444371,77129,0.55,0.82,11.92,11,36,Re-platforming,AWS
SYS_0302,True,2023-08-11,166,2.46,2885,419530,77336,0.67,0.7,18.51,45,63,Re-factoring,Azure
SYS_0303,True,2024-01-04,92,1.09,4361,354375,42886,0.68,0.86,23.27,31,23,Re-factoring,Google Cloud
SYS_0304,True,2022-03-02,365,5.48,4522,472940,38936,0.68,0.89,33.46,46,4,Re-factoring,AWS
SYS_0305,True,2024-09-30,278,35.23,1045,127811,72773,0.78,0.96,38.36,47,44,Re-platforming,AWS
SYS_0306,True,2023-06-25,329,8.97,2773,387920,40780,0.76,0.98,43.22,46,7,Re-factoring,Private Cloud
SYS_0307,False,2024-01-10,210,-9.84,4754,329936,24763,0.58,0.79,30.62,47,25,Re-factoring,Azure
SYS_0308,False,2022-05-15,48,13.13,1134,68942,91185,0.53,0.84,30.16,7,53,Re-platforming,Google Cloud
SYS_0309,False,2024-06-26,296,19.29,3008,228955,90390,0.7,0.96,24.51,45,9,Re-factoring,Azure
SYS_0310,False,2023-02-07,218,39.42,3193,188936,67263,0.64,0.72,41.57,5,59,Lift-and-Shift,AWS
SYS_0311,True,2023-04-03,315,45.01,1541,353623,82787,0.6,0.71,31.33,9,54,Re-platforming,Google Cloud
SYS_0312,False,2022-05-03,34,33.79,3012,423286,12250,0.54,0.79,45.61,38,53,Re-factoring,Azure
SYS_0313,False,2024-08-23,173,27.87,4203,380193,42728,0.74,0.92,34.98,23,43,Re-factoring,Private Cloud
SYS_0314,True,2022-11-22,124,31.13,4619,360562,11277,0.68,0.73,49.47,22,27,Re-factoring,AWS
SYS_0315,True,2023-03-29,166,30.06,1242,398102,45702,0.73,0.97,45.48,33,4,Re-platforming,Google Cloud
SYS_0316,True,2022-05-26,177,11.18,4157,413049,12321,0.8,0.86,29.89,23,35,Re-factoring,Azure
SYS_0317,True,2022-09-22,189,1.04,3909,300628,62767,0.61,0.81,23.11,40,4,Lift-and-Shift,Azure
SYS_0318,False,2024-08-05,267,10.83,4217,450999,38210,0.64,0.83,31.5,15,39,Re-platforming,Private Cloud
SYS_0319,True,2022-10-24,275,20.06,3020,340037,42351,0.62,0.78,24.29,24,61,Re-factoring,AWS
SYS_0320,True,2024-01-26,227,-2.42,3297,295221,78630,0.59,0.89,46.65,7,42,Re-platforming,Azure
SYS_0321,True,2024-02-14,342,46.67,3894,289043,41313,0.66,0.71,45.12,40,69,Re-factoring,Private Cloud
SYS_0322,True,2023-06-27,32,25.66,3234,277837,18720,0.78,0.95,11.82,39,42,Lift-and-Shift,Private Cloud
SYS_0323,True,2023-12-07,315,32.65,3758,335465,77495,0.63,0.73,44.2,41,11,Lift-and-Shift,Private Cloud
SYS_0324,True,2023-10-09,102,27.33,2898,122161,64486,0.77,0.89,18.8,38,27,Re-factoring,AWS
SYS_0325,False,2023-11-08,219,48.46,3344,59301,29679,0.7,0.74,18.57,47,56,Re-factoring,Private Cloud
SYS_0326,False,2024-07-15,360,48.08,2490,57752,78660,0.71,0.98,38.06,40,21,Re-platforming,Google Cloud
SYS_0327,False,2022-02-26,290,-2.74,3395,325252,44212,0.56,0.93,41.63,36,11,Lift-and-Shift,AWS
SYS_0328,True,2024-06-24,168,-1.93,3154,76994,78586,0.66,0.99,10.67,25,7,Lift-and-Shift,Azure
SYS_0329,True,2022-11-13,60,37.36,1535,308433,22219,0.71,0.74,10.72,36,56,Re-factoring,Azure
SYS_0330,True,2024-07-10,165,10.73,3909,300180,22029,0.65,0.76,33.51,24,10,Lift-and-Shift,Private Cloud
SYS_0331,False,2023-06-15,240,-3.65,4798,150561,48576,0.57,0.88,29.25,36,48,Lift-and-Shift,Azure
SYS_0332,True,2022-12-28,59,30.53,1486,251625,34705,0.59,0.71,37.72,21,24,Lift-and-Shift,Private Cloud
SYS_0333,True,2022-12-08,344,39.69,1022,273463,15569,0.71,0.99,22.6,30,48,Re-platforming,Google Cloud
SYS_0334,False,2023-12-27,128,39.4,1242,244354,91430,0.74,0.76,19.11,40,4,Lift-and-Shift,Google Cloud
SYS_0335,True,2024-09-07,116,37.24,3874,151867,42794,0.55,0.85,14.37,47,23,Re-factoring,Google Cloud
SYS_0336,True,2022-10-02,289,-5.81,3536,489001,78816,0.7,0.84,16.8,19,69,Re-factoring,Private Cloud
SYS_0337,True,2024-03-07,57,45.47,4969,363871,81286,0.59,1.0,36.1,28,21,Lift-and-Shift,Google Cloud
SYS_0338,True,2023-07-31,330,19.0,3227,398693,72254,0.79,0.97,34.21,31,38,Lift-and-Shift,Private Cloud
SYS_0339,False,2022-04-05,343,41.57,4041,482749,14132,0.77,0.75,38.23,45,22,Re-platforming,Google Cloud
SYS_0340,True,2024-01-13,132,-7.96,1197,310268,12617,0.63,0.96,10.03,8,7,Re-platforming,Google Cloud
SYS_0341,True,2022-01-30,318,8.75,2850,149346,20315,0.76,0.94,31.2,9,12,Re-factoring,Google Cloud
SYS_0342,False,2022-05-11,193,48.22,4323,429621,41595,0.63,0.78,39.51,15,34,Re-platforming,AWS
SYS_0343,False,2022-05-11,336,-1.66,1206,208017,37833,0.57,0.73,11.5,23,7,Re-platforming,Azure
SYS_0344,False,2024-07-09,115,0.63,2341,322286,82031,0.73,0.96,43.08,38,61,Lift-and-Shift,Google Cloud
SYS_0345,True,2021-12-11,340,18.45,2367,259588,14163,0.78,0.84,43.23,16,12,Re-platforming,Private Cloud
SYS_0346,False,2021-12-10,164,27.79,4487,177259,98453,0.56,0.78,19.39,13,4,Re-factoring,Google Cloud
SYS_0347,True,2022-07-18,281,23.05,4952,350692,95025,0.54,0.81,17.85,48,30,Re-factoring,AWS
SYS_0348,True,2022-08-07,213,8.74,4894,105588,30868,0.55,0.88,37.29,12,60,Lift-and-Shift,Private Cloud
SYS_0349,True,2023-03-11,87,16.16,1700,164382,27167,0.52,0.82,35.41,39,29,Lift-and-Shift,AWS
SYS_0350,True,2023-12-14,235,12.1,3171,381049,93784,0.8,0.95,35.67,37,65,Re-factoring,Private Cloud
SYS_0351,True,2023-11-17,184,-7.49,3736,376969,30254,0.54,0.83,25.57,21,68,Re-platforming,AWS
SYS_0352,True,2023-10-05,67,15.87,2187,233219,42755,0.7,0.99,37.9,20,10,Lift-and-Shift,Azure
SYS_0353,True,2022-11-17,341,-0.65,1034,407733,40119,0.75,0.91,21.93,11,11,Lift-and-Shift,Private Cloud
SYS_0354,True,2022-01-25,309,48.49,2788,396122,26788,0.59,0.99,15.27,18,37,Re-platforming,Google Cloud
SYS_0355,False,2022-01-10,64,-1.96,4905,368776,13766,0.59,0.77,11.92,7,38,Lift-and-Shift,Azure
SYS_0356,True,2022-05-21,112,44.08,1941,301567,78655,0.73,0.73,21.53,28,70,Re-platforming,Private Cloud
SYS_0357,True,2022-04-15,224,-9.44,2204,318367,42374,0.76,0.76,25.6,38,9,Lift-and-Shift,Private Cloud
SYS_0358,False,2023-07-16,54,40.17,3995,95594,72562,0.78,0.81,46.72,10,6,Lift-and-Shift,Private Cloud
SYS_0359,False,2022-07-23,180,-4.44,1530,346766,69280,0.59,0.99,36.27,30,18,Lift-and-Shift,Private Cloud
SYS_0360,False,2023-11-16,116,13.57,1990,292575,30176,0.65,0.71,40.51,39,37,Lift-and-Shift,Google Cloud
SYS_0361,True,2023-12-10,69,36.45,1741,86088,80970,0.56,0.72,24.78,10,39,Re-platforming,Azure
SYS_0362,True,2022-02-02,158,-3.96,1147,174042,60215,0.65,0.76,17.22,45,5,Re-platforming,Azure
SYS_0363,True,2024-01-02,111,12.87,3080,388468,83146,0.5,0.73,21.12,21,17,Re-factoring,Private Cloud
SYS_0364,True,2024-11-07,331,41.3,2406,233929,65756,0.73,0.9,24.89,27,34,Re-factoring,Private Cloud
SYS_0365,True,2023-05-18,271,23.38,1056,471490,57993,0.63,0.89,10.93,18,33,Re-factoring,Azure
SYS_0366,True,2023-04-08,172,-3.35,3332,248720,99247,0.66,0.72,45.51,23,47,Re-factoring,Google Cloud
SYS_0367,True,2022-08-06,68,40.26,4449,76107,10222,0.57,0.97,33.47,15,42,Lift-and-Shift,Private Cloud
SYS_0368,True,2023-10-09,73,18.03,2680,306594,44873,0.76,0.81,39.16,8,19,Re-platforming,Azure
SYS_0369,True,2024-05-10,356,6.17,1960,271733,48396,0.74,0.7,14.66,42,28,Re-platforming,Private Cloud
SYS_0370,True,2022-02-18,337,-6.69,1388,99406,39312,0.71,0.79,10.24,26,59,Lift-and-Shift,Private Cloud
SYS_0371,True,2023-05-18,269,-6.08,1683,408098,83955,0.76,0.74,24.15,44,25,Re-factoring,Azure
SYS_0372,True,2024-01-23,110,25.9,1628,79340,39023,0.61,0.78,17.5,30,6,Re-platforming,Azure
SYS_0373,True,2024-07-27,230,17.28,3926,289303,54413,0.77,0.86,22.11,19,68,Re-platforming,Google Cloud
SYS_0374,True,2022-11-24,167,31.63,4493,379092,79578,0.67,0.98,11.99,31,58,Lift-and-Shift,Azure
SYS_0375,True,2022-06-03,144,17.98,1954,396486,45304,0.54,0.81,18.92,50,53,Re-platforming,AWS
SYS_0376,True,2024-10-13,275,39.19,2562,466012,99363,0.75,0.81,13.43,46,58,Lift-and-Shift,Private Cloud
SYS_0377,True,2023-06-03,266,37.24,3064,154265,40374,0.53,0.79,42.42,45,40,Re-factoring,Google Cloud
SYS_0378,True,2022-05-26,36,32.53,4639,467731,68145,0.61,0.73,38.77,24,11,Re-platforming,AWS
SYS_0379,True,2023-10-29,348,40.67,3005,323436,15814,0.69,0.94,37.7,34,22,Lift-and-Shift,Private Cloud
SYS_0380,True,2024-03-20,330,42.04,3471,464812,27092,0.57,0.78,21.85,36,55,Re-factoring,Private Cloud
SYS_0381,True,2023-11-27,182,-9.31,4055,181635,76729,0.62,0.97,29.08,23,26,Re-platforming,Google Cloud
SYS_0382,True,2024-10-13,361,45.91,3048,177063,30700,0.56,0.75,32.66,23,33,Re-factoring,Azure
SYS_0383,True,2022-03-22,121,4.53,3597,397596,65536,0.72,0.95,48.38,47,50,Lift-and-Shift,Google Cloud
SYS_0384,True,2022-07-05,39,11.39,3267,66543,29318,0.57,0.87,29.24,28,52,Re-platforming,AWS
SYS_0385,True,2022-12-03,223,40.0,2324,456052,64466,0.56,0.83,19.42,32,39,Re-factoring,Private Cloud
SYS_0386,True,2024-09-22,329,22.09,3379,448053,45002,0.67,0.91,44.34,40,38,Re-platforming,Private Cloud
SYS_0387,True,2024-10-12,132,24.05,3688,250180,57663,0.73,0.76,48.73,15,22,Re-factoring,Azure
SYS_0388,True,2023-07-29,91,39.11,1629,175956,43420,0.56,0.87,27.31,43,5,Lift-and-Shift,Google Cloud
SYS_0389,True,2022-03-27,113,12.46,3089,78204,21131,0.51,0.87,38.61,40,71,Lift-and-Shift,AWS
SYS_0390,True,2023-02-01,237,7.85,3870,305083,93007,0.56,0.73,18.84,49,56,Re-factoring,AWS
SYS_0391,True,2024-01-03,313,49.93,2905,435177,36777,0.6,0.98,39.33,12,14,Re-factoring,Private Cloud
SYS_0392,False,2022-04-08,112,17.22,4737,54123,74016,0.67,0.79,18.91,16,8,Re-factoring,Private Cloud
SYS_0393,False,2024-03-12,157,21.88,4022,250876,67029,0.51,0.8,15.16,43,32,Lift-and-Shift,Private Cloud
SYS_0394,False,2022-07-25,175,46.47,1608,357125,79739,0.61,0.84,27.64,10,9,Lift-and-Shift,Google Cloud
SYS_0395,True,2024-07-08,157,34.52,2902,234847,36113,0.73,0.94,49.08,5,15,Re-platforming,Azure
SYS_0396,False,2024-08-23,335,26.77,2522,445784,79558,0.62,0.74,44.1,6,31,Lift-and-Shift,Private Cloud
SYS_0397,True,2021-12-16,44,48.66,4011,119224,56931,0.78,0.83,18.39,17,70,Re-platforming,AWS
SYS_0398,False,2023-10-11,230,36.61,1229,275028,84650,0.72,0.93,18.19,9,16,Re-platforming,Private Cloud
SYS_0399,False,2024-07-12,41,40.7,4583,261743,96038,0.55,0.86,26.56,13,15,Re-factoring,Azure
SYS_0400,True,2023-04-21,361,-9.45,3222,149129,63149,0.58,0.9,11.03,6,51,Re-platforming,Private Cloud
SYS_0401,False,2022-10-13,230,8.36,1251,349573,83612,0.68,0.71,38.4,29,36,Re-factoring,Google Cloud
SYS_0402,True,2022-06-19,99,8.09,1747,123188,50979,0.71,0.96,42.98,11,42,Lift-and-Shift,Google Cloud
SYS_0403,False,2022-01-11,253,32.74,3114,418951,26783,0.54,0.73,47.32,16,5,Re-platforming,Private Cloud
SYS_0404,True,2024-04-07,157,27.4,4932,489794,45681,0.6,0.88,13.97,27,16,Lift-and-Shift,Private Cloud
SYS_0405,True,2024-02-27,204,9.5,2377,82184,22453,0.61,0.79,46.31,11,26,Re-platforming,Private Cloud
SYS_0406,True,2023-06-18,139,33.12,4977,452505,17979,0.77,0.77,45.33,41,44,Re-platforming,Google Cloud
SYS_0407,True,2023-02-20,324,26.13,2946,379916,74692,0.59,0.75,47.0,24,30,Lift-and-Shift,AWS
SYS_0408,False,2023-09-25,225,4.44,4315,233511,13346,0.72,0.93,19.78,39,45,Re-factoring,Google Cloud
SYS_0409,False,2023-09-04,90,29.67,2886,59982,86154,0.59,0.71,10.58,34,60,Re-factoring,Private Cloud
SYS_0410,True,2022-02-28,51,6.76,2402,77642,99850,0.67,0.94,26.67,10,6,Lift-and-Shift,Private Cloud
SYS_0411,False,2022-08-05,354,45.9,4843,192302,14081,0.7,0.76,36.33,9,38,Lift-and-Shift,Private Cloud
SYS_0412,True,2022-10-23,209,24.49,2652,296799,34223,0.75,0.8,34.47,21,17,Lift-and-Shift,Google Cloud
SYS_0413,False,2023-05-18,361,-8.53,2292,291242,81733,0.61,0.74,12.26,46,62,Re-platforming,Azure
SYS_0414,True,2024-10-28,188,36.18,1452,206137,98126,0.61,0.88,13.96,47,61,Lift-and-Shift,Private Cloud
SYS_0415,True,2022-12-15,202,32.79,2230,429268,47593,0.79,0.98,21.87,13,39,Re-factoring,Google Cloud
SYS_0416,False,2022-07-17,332,28.06,3451,191425,32911,0.67,0.8,14.75,27,32,Lift-and-Shift,Private Cloud
SYS_0417,True,2023-10-14,39,35.11,4935,135507,34522,0.77,0.82,44.39,26,23,Re-platforming,Google Cloud
SYS_0418,False,2024-08-20,316,40.51,2399,495427,66422,0.56,0.89,38.65,46,45,Lift-and-Shift,Google Cloud
SYS_0419,False,2023-08-01,260,24.55,4216,361561,93339,0.59,0.8,38.27,43,12,Re-platforming,Private Cloud
SYS_0420,True,2024-02-12,297,4.78,1957,135755,10682,0.65,0.81,12.28,8,40,Lift-and-Shift,Azure
SYS_0421,True,2023-05-23,83,11.65,4184,471705,31720,0.57,0.73,36.5,33,54,Lift-and-Shift,Azure
SYS_0422,False,2024-08-03,226,30.05,2019,222768,32032,0.74,0.75,14.38,8,17,Re-platforming,Google Cloud
SYS_0423,True,2023-03-22,209,20.78,4328,65737,23207,0.62,0.93,35.66,8,4,Re-platforming,Google Cloud
SYS_0424,True,2024-01-13,43,45.17,4086,420716,16707,0.79,0.92,22.34,25,35,Re-factoring,Azure
SYS_0425,False,2021-12-14,146,2.12,1287,55828,91339,0.56,0.81,28.21,47,42,Lift-and-Shift,AWS
SYS_0426,False,2022-10-31,290,48.46,2947,166332,41928,0.69,0.78,17.05,33,34,Re-platforming,AWS
SYS_0427,False,2021-12-29,307,12.24,4697,161401,52153,0.7,0.92,30.48,12,8,Re-platforming,Private Cloud
SYS_0428,True,2022-05-01,60,3.38,4146,410523,53892,0.56,0.91,41.29,9,13,Lift-and-Shift,Azure
SYS_0429,True,2022-09-13,129,18.19,1552,205131,39335,0.72,0.78,22.83,27,45,Re-platforming,Private Cloud
SYS_0430,True,2023-03-04,166,0.31,3428,166848,52034,0.63,0.77,37.66,15,41,Re-factoring,Google Cloud
SYS_0431,True,2022-07-16,42,11.49,3835,172123,19609,0.78,0.91,15.48,31,35,Re-factoring,Azure
SYS_0432,True,2023-09-30,157,20.11,1070,184988,47389,0.53,0.82,41.87,20,54,Re-factoring,Private Cloud
SYS_0433,True,2022-02-17,307,42.12,3036,264554,82078,0.55,0.84,18.93,35,19,Re-factoring,Google Cloud
SYS_0434,True,2024-02-02,79,-7.32,2861,271875,34337,0.62,0.89,12.79,45,5,Re-factoring,AWS
SYS_0435,True,2023-05-28,119,45.35,2218,394101,11931,0.55,0.7,36.09,33,53,Re-platforming,Google Cloud
SYS_0436,True,2022-09-11,117,28.56,4865,310819,52974,0.66,0.78,32.58,16,45,Lift-and-Shift,Private Cloud
SYS_0437,True,2024-03-27,114,40.78,1123,284892,84156,0.54,0.95,42.24,13,38,Re-platforming,AWS
SYS_0438,True,2022-08-27,191,14.09,2777,372293,73438,0.74,0.78,18.92,15,66,Lift-and-Shift,Private Cloud
SYS_0439,True,2024-05-23,288,-3.47,3367,476601,91698,0.52,0.94,46.27,42,24,Re-factoring,Private Cloud
SYS_0440,True,2024-05-01,349,10.93,3575,322245,65323,0.64,0.89,30.32,39,64,Re-platforming,Google Cloud
SYS_0441,True,2022-12-08,161,11.91,1999,189565,88469,0.79,0.76,47.71,15,59,Lift-and-Shift,Private Cloud
SYS_0442,True,2023-05-12,166,-7.83,4129,441839,96703,0.61,0.75,12.65,22,20,Re-factoring,Private Cloud
SYS_0443,False,2024-06-01,38,35.46,2296,496507,91663,0.65,0.83,23.48,25,54,Lift-and-Shift,Azure
SYS_0444,True,2024-08-09,355,41.31,4617,105853,30467,0.57,0.82,22.39,22,10,Re-platforming,Azure
SYS_0445,True,2024-10-10,326,4.07,1210,393959,46888,0.68,0.93,30.09,37,66,Re-factoring,AWS
SYS_0446,True,2023-08-28,256,24.45,1042,435321,21922,0.62,0.84,23.96,14,7,Re-factoring,Private Cloud
SYS_0447,False,2022-10-21,65,-8.36,2785,64168,85167,0.54,0.77,35.41,19,57,Re-platforming,Azure
SYS_0448,True,2023-06-04,66,47.57,1928,425838,81069,0.55,0.81,45.54,23,62,Re-platforming,Private Cloud
SYS_0449,True,2023-04-05,265,19.9,2681,440450,67921,0.74,0.94,46.66,17,47,Re-platforming,Azure
SYS_0450,False,2022-03-05,347,25.52,4245,247132,78585,0.65,0.96,27.73,17,16,Re-factoring,Google Cloud
SYS_0451,True,2024-11-01,197,-9.68,3060,335026,35799,0.51,0.97,34.64,46,63,Re-factoring,AWS
SYS_0452,False,2022-09-16,118,-2.25,3263,92440,18626,0.75,0.97,12.78,17,37,Lift-and-Shift,AWS
SYS_0453,True,2024-09-01,40,10.64,3950,312434,39195,0.59,0.72,48.14,8,66,Re-platforming,Private Cloud
SYS_0454,True,2022-09-09,255,16.65,1811,492088,51754,0.56,0.98,24.12,32,36,Re-platforming,Azure
SYS_0455,True,2022-05-28,240,-2.41,4477,268452,28272,0.57,0.88,37.5,39,69,Re-factoring,Azure
SYS_0456,True,2022-05-07,240,21.72,2105,342229,52967,0.55,0.9,29.56,28,24,Re-platforming,Private Cloud
SYS_0457,False,2022-08-30,307,16.52,2907,385971,30755,0.53,0.9,37.23,6,18,Re-platforming,Azure
SYS_0458,False,2023-06-13,354,1.3,4845,368602,64118,0.65,0.85,18.86,47,20,Lift-and-Shift,Google Cloud
SYS_0459,True,2022-09-14,245,31.44,4071,245412,51133,0.59,0.7,14.02,22,56,Re-factoring,Private Cloud
SYS_0460,True,2022-03-10,306,18.33,2610,343020,50874,0.56,0.91,25.2,15,66,Re-platforming,AWS
SYS_0461,True,2023-03-24,53,23.39,3357,82860,76722,0.63,0.77,42.5,15,68,Lift-and-Shift,Private Cloud
SYS_0462,True,2024-01-11,253,-4.39,1826,53747,46069,0.79,0.74,21.63,41,14,Re-factoring,AWS
SYS_0463,True,2023-11-27,294,44.35,1710,262914,61062,0.6,0.91,10.99,17,61,Re-factoring,Google Cloud
SYS_0464,True,2024-05-20,144,43.47,1450,146914,46407,0.69,0.71,46.54,25,65,Re-platforming,Azure
SYS_0465,True,2022-04-04,276,32.18,1614,263645,99155,0.74,0.78,32.51,12,36,Re-platforming,Google Cloud
SYS_0466,True,2024-02-16,76,13.48,2649,493287,34909,0.54,0.83,34.82,43,49,Lift-and-Shift,Google Cloud
SYS_0467,True,2023-06-04,40,-6.41,1565,346579,14821,0.66,0.71,38.06,47,34,Re-platforming,Azure
SYS_0468,True,2023-06-22,352,47.52,1909,444962,76171,0.5,0.78,29.07,19,62,Re-factoring,AWS
SYS_0469,False,2023-07-24,85,11.94,3748,337435,84848,0.78,0.8,21.51,27,58,Re-factoring,AWS
SYS_0470,True,2023-06-15,315,17.36,3017,104553,82731,0.51,0.94,45.26,24,61,Re-factoring,Google Cloud
SYS_0471,True,2024-05-20,112,37.8,4556,287287,46298,0.56,0.76,31.45,43,70,Lift-and-Shift,Private Cloud
SYS_0472,True,2023-09-28,334,49.64,4032,177979,16109,0.67,0.87,29.53,32,11,Re-platforming,Private Cloud
SYS_0473,True,2024-09-09,242,-3.65,3222,87838,55270,0.63,0.89,21.1,22,18,Re-factoring,AWS
SYS_0474,True,2022-07-08,147,-4.78,2621,287472,85718,0.56,0.88,24.03,16,66,Re-factoring,Azure
SYS_0475,True,2022-10-05,295,1.6,2232,183956,73017,0.62,0.99,19.31,40,18,Re-factoring,Private Cloud
SYS_0476,True,2022-12-21,313,22.89,2683,495194,86047,0.6,0.83,26.71,20,27,Re-factoring,AWS
SYS_0477,True,2023-07-20,226,12.3,1970,73674,98987,0.72,0.96,29.16,50,72,Re-platforming,Google Cloud
SYS_0478,True,2022-10-19,98,6.42,2975,320621,44487,0.58,0.75,33.84,47,8,Re-factoring,Azure
SYS_0479,True,2022-08-27,186,45.97,3432,274854,31830,0.64,0.71,22.03,13,70,Lift-and-Shift,Azure
SYS_0480,True,2024-05-26,80,22.28,2332,402477,82339,0.78,0.95,25.65,49,45,Re-platforming,AWS
SYS_0481,True,2022-05-26,360,23.99,2568,401828,33005,0.72,0.74,25.17,20,52,Lift-and-Shift,Private Cloud
SYS_0482,False,2024-02-23,110,-8.87,1472,158842,18398,0.64,0.71,16.67,8,72,Re-platforming,Google Cloud
SYS_0483,False,2022-08-06,108,38.6,3525,362089,58466,0.7,0.89,32.67,21,12,Re-platforming,Google Cloud
SYS_0484,True,2024-04-23,204,0.96,1676,356640,45966,0.6,0.84,36.47,25,37,Re-platforming,Private Cloud
SYS_0485,True,2022-07-17,68,7.11,1506,52476,41247,0.78,0.75,32.6,47,46,Lift-and-Shift,Google Cloud
SYS_0486,True,2023-05-29,71,8.76,1532,403305,74485,0.5,0.78,26.09,25,46,Re-factoring,Private Cloud
SYS_0487,False,2024-08-16,180,-9.65,1713,257390,18343,0.53,0.79,38.16,23,19,Lift-and-Shift,AWS
SYS_0488,False,2022-04-27,237,-1.37,2914,188200,63144,0.51,0.72,25.21,13,13,Re-platforming,Google Cloud
SYS_0489,True,2023-03-03,53,1.07,4666,478476,55726,0.78,0.98,33.48,20,15,Lift-and-Shift,Private Cloud
SYS_0490,False,2023-01-02,187,44.8,2588,311980,43972,0.69,0.88,32.11,42,28,Re-platforming,Azure
SYS_0491,True,2023-10-08,172,24.8,3854,427755,45562,0.56,0.78,21.72,31,16,Re-platforming,AWS
SYS_0492,True,2022-09-05,67,28.54,4280,208222,61929,0.5,1.0,25.2,24,41,Re-factoring,Private Cloud
SYS_0493,True,2022-07-24,317,28.54,2084,496036,87393,0.79,0.75,14.91,21,7,Re-factoring,Private Cloud
SYS_0494,True,2024-01-16,81,34.41,1180,107384,73330,0.72,0.94,47.48,18,40,Re-factoring,AWS
SYS_0495,True,2023-02-19,125,12.74,4677,97211,25726,0.67,0.86,37.53,11,69,Lift-and-Shift,Azure
SYS_0496,True,2022-10-26,234,26.92,1860,425127,24083,0.55,0.73,10.75,20,30,Re-platforming,Private Cloud
SYS_0497,True,2023-07-29,267,-0.61,4066,414293,54983,0.63,0.86,41.94,49,60,Lift-and-Shift,AWS
SYS_0498,False,2022-07-23,255,-7.37,4637,362206,94596,0.54,0.71,12.34,13,63,Re-factoring,Google Cloud
SYS_0499,True,2023-10-05,258,15.27,1661,294868,89122,0.62,0.84,41.79,17,20,Re-platforming,Azure
SYS_0500,True,2023-09-09,125,16.34,1269,343804,61291,0.51,0.94,35.11,14,64,Lift-and-Shift,Google Cloud
